{"NY": {"New York": [40.6895953, -73.87177108], "Buffalo": [42.90129675, -78.84719792], "Rochester": [43.16966614, -77.61432066]}, "LA": {"New Orleans": [30.06870248, -89.92834343], "Baton Rouge": [30.38537815, -91.1181035], "Shreveport": [32.46442895, -93.79530082]}, "TX": {"Houston": [29.80044585, -95.39692609], "San Antonio": [29.38006032, -98.518079], "Dallas": [32.73964464, -96.777999]}, "KS": {"Wichita": [37.69118022, -97.34150752], "Overland Park": [38.8895917, -94.68904409], "Kansas City": [39.12346103, -94.7441955]}, "AZ": {"Phoenix": [33.57072622, -112.0905993], "Tucson": [32.15366844, -110.9706498], "Mesa": [33.42270194, -111.8163235]}, "SC": {"Columbia": [34.05097627, -80.820759], "Charleston": [32.76708946, -80.01159565], "North Charleston": [32.90820542, -80.07579002]}, "CA": {"Los Angeles": [34.17610512, -118.5399543], "San Diego": [32.86344227, -117.1282248], "San Jose": [37.17332483, -121.8174087]}, "NC": {"Charlotte": [35.20788802, -80.830402], "Raleigh": [35.83418887, -78.64679197], "Greensboro": [36.08120302, -79.83029]}, "SD": {"Sioux Falls": [43.53997814, -96.73094032], "Rapid City": [44.07261516, -103.2276984], "Aberdeen": [45.46478778, -98.46737669]}, "VA": {"Virginia Beach": [36.75635755, -76.0614331], "Norfolk": [36.89327581, -76.25672054], "Chesapeake": [36.6777445, -76.30241828]}, "OK": {"Oklahoma City": [35.46766409, -97.5190371], "Tulsa": [36.13489162, -95.91756323], "Norman": [35.23348927, -97.34708872]}, "PA": {"Philadelphia": [40.00931285, -75.13337055], "Pittsburgh": [40.43945932, -79.97631453], "Allentown": [40.5961643, -75.47208044]}, "OR": {"Portland": [45.53714339, -122.6500084], "Eugene": [44.04147717, -123.122194], "Salem": [44.92320114, -123.0246056]}, "MI": {"Detroit": [42.39802129, -83.193459], "Grand Rapids": [42.96925951, -85.660249], "Warren": [42.49162711, -83.05694775]}, "OH": {"Columbus": [39.98859063, -82.98861541], "Cleveland": [41.47652781, -81.68056915], "Cincinnati": [39.15580142, -84.5404575]}, "GA": {"Atlanta": [33.76293003, -84.42243438], "Augusta-Richmond County consolidated government (balance)": [33.36451192, -82.07081307], "Columbus": [32.50995837, -84.87704299]}, "KY": {"Louisville/Jefferson County metro government (balance)": [38.13143798, -85.6760065], "Lexington-Fayette urban county": [38.04233026, -84.45872219], "Louisville": [38.17987649, -85.78109475]}, "WA": {"Seattle": [47.63601463, -122.3150502], "Spokane": [47.66708411, -117.4329959], "Tacoma": [47.2217291, -122.4549625]}, "MD": {"Baltimore": [39.32458842, -76.5749695], "Columbia": [39.20045585, -76.85899741], "Germantown": [39.17552855, -77.26433696]}, "NJ": {"Newark": [40.7312816, -74.1848485], "Jersey City": [40.7188823, -74.06882645], "Paterson": [40.91468574, -74.16237247]}, "WI": {"Milwaukee": [43.06410087, -87.96718763], "Madison": [43.08237601, -89.39409353], "Green Bay": [44.51415539, -87.99410364]}, "MN": {"Minneapolis": [44.96350438, -93.26782313], "St. Paul": [44.95580765, -93.1060555], "Rochester": [44.01554676, -92.47789943]}, "AL": {"Birmingham": [33.52899225, -86.79698717], "Montgomery": [32.34768673, -86.26807581], "Mobile": [30.67830082, -88.11729159]}, "AR": {"Little Rock": [34.72566818, -92.35749038], "Fort Smith": [35.34887296, -94.36964069], "Fayetteville": [36.07199652, -94.16625008]}, "HI": {"Urban Honolulu": [21.3307567, -157.8428756], "East Honolulu": [21.30214448, -157.7499993], "Pearl City": [21.40547496, -157.9549295]}, "CT": {"Bridgeport": [41.19365459, -73.19897], "New Haven": [41.31138096, -72.92474052], "Hartford": [41.76607065, -72.68340116]}, "AK": {"Anchorage": [61.14965444, -149.1063668], "Fairbanks": [64.83529329, -147.6533595], "Juneau": [58.52070223, -134.1770886]}, "TN": {"Memphis": [35.10521533, -89.97590484], "Nashville-Davidson metropolitan government (balance)": [36.13537944, -86.650368], "Knoxville": [35.95626752, -83.9659827]}, "MS": {"Jackson": [32.31704388, -90.21691055], "Gulfport": [30.42737026, -89.07021356], "Southaven": [34.942285, -89.963269]}, "FL": {"Jacksonville": [30.33202771, -81.67580895], "Miami": [25.79656599, -80.20811595], "Tampa": [27.99649275, -82.44452882]}, "VT": {"Burlington": [44.48762454, -73.23148282], "South Burlington": [44.47141187, -73.2747455], "Rutland": [43.60916325, -72.97815142]}, "IL": {"Chicago": [41.83905858, -87.68805169], "Aurora": [41.75937558, -88.3066295], "Rockford": [42.26285713, -89.06202435]}, "IA": {"Des Moines": [41.57249508, -93.61048396], "Cedar Rapids": [41.96660506, -91.67836421], "Davenport": [41.55618393, -90.60545002]}, "MA": {"Boston": [42.30916082, -71.10225136], "Worcester": [42.27054324, -71.80794075], "Springfield": [42.11550322, -72.53952002]}, "WY": {"Cheyenne": [41.13867096, -104.814945], "Casper": [42.84345246, -106.3206679], "Gillette": [44.27564983, -105.4990063]}, "IN": {"Indianapolis (balance)": [39.77709006, -86.14636723], "Fort Wayne": [41.08862257, -85.14371882], "Evansville": [37.98809808, -87.53405699]}, "WV": {"Charleston": [38.3494704, -81.62953144], "Huntington": [38.41080362, -82.43462982], "Parkersburg": [39.26211594, -81.54189396]}, "NM": {"Albuquerque": [35.10621587, -106.646465], "Las Cruces": [32.28167449, -106.8963823], "Rio Rancho": [35.28710159, -106.6979647]}, "DE": {"Wilmington": [39.74131181, -75.54199915], "Dover": [39.16173777, -75.52094909], "Newark": [39.67231211, -75.7561815]}, "NV": {"Las Vegas": [36.20523985, -115.3204723], "Henderson": [36.03484133, -115.0574245], "Reno": [39.53501093, -119.829191]}, "MT": {"Billings": [45.77389502, -108.5521725], "Missoula": [46.84371371, -114.028547], "Great Falls": [47.50231864, -111.2983442]}, "ND": {"Fargo": [46.86518187, -96.82915871], "Bismarck": [46.81489112, -100.7695502], "Grand Forks": [47.9218609, -97.09048847]}, "NE": {"Omaha": [41.26408712, -96.0587698], "Lincoln": [40.8090466, -96.67883068], "Bellevue": [41.15574535, -95.93712756]}, "ME": {"Portland": [43.67963329, -70.29405024], "Lewiston": [44.09145817, -70.1680816], "Bangor": [44.83226814, -68.79060729]}, "MO": {"Kansas City": [38.9845186, -94.5757195], "St. Louis": [38.63572424, -90.24523805], "Springfield": [37.19447626, -93.29226788]}, "CO": {"Denver": [39.72939114, -104.9825185], "Colorado Springs": [38.86745753, -104.7571341], "Aurora": [39.69888876, -104.7871863]}, "ID": {"Boise City": [43.61507269, -116.297797], "Nampa": [43.58386703, -116.5620154], "Meridian": [43.60902331, -116.3958582]}, "UT": {"Salt Lake City": [40.7776504, -111.9306125], "West Valley City": [40.69675614, -112.008794], "Provo": [40.24575706, -111.6457178]}, "NH": {"Manchester": [42.98477694, -71.44469952], "Nashua": [42.74913793, -71.49094447], "Concord": [43.23054914, -71.55952556]}, "RI": {"Providence": [41.82339669, -71.4245495], "Warwick": [41.71087995, -71.43409319], "Cranston": [41.76576218, -71.48613604]}, "DC": {"Washington": [38.91013527, -77.01443917]}}